State_FIPS,Hispanic_Latino,White_alone,Black_alone,AIAN_alone,Asian_alone,NHPI_alone,Other_alone,Two_or_More,diversity_index,state_vector
01,0.0526,0.6312,0.2564,0.0046,0.0151,0.0005,0.0029,0.0367,0.4685,"[0.0526, 0.6312, 0.2564, 0.0046, 0.0151, 0.0005, 0.0029, 0.0367]"
02,0.0679,0.5751,0.0283,0.1484,0.0592,0.017,0.0062,0.0978,0.3716,"[0.0679, 0.5751, 0.0283, 0.1484, 0.0592, 0.017, 0.0062, 0.0978]"
04,0.3065,0.5337,0.0443,0.0369,0.0348,0.002,0.0044,0.0373,0.3847,"[0.3065, 0.5337, 0.0443, 0.0369, 0.0348, 0.002, 0.0044, 0.0373]"
05,0.0853,0.6852,0.1494,0.0068,0.017,0.0047,0.0027,0.0489,0.5019,"[0.0853, 0.6852, 0.1494, 0.0068, 0.017, 0.0047, 0.0027, 0.0489]"
06,0.394,0.3469,0.0536,0.0039,0.1512,0.0035,0.0057,0.0412,0.3031,"[0.394, 0.3469, 0.0536, 0.0039, 0.1512, 0.0035, 0.0057, 0.0412]"
08,0.2188,0.6513,0.0383,0.0058,0.0338,0.0016,0.0051,0.0452,0.4768,"[0.2188, 0.6513, 0.0383, 0.0058, 0.0338, 0.0016, 0.0051, 0.0452]"
09,0.1729,0.6321,0.1001,0.0018,0.0473,0.0003,0.0075,0.0382,0.4432,"[0.1729, 0.6321, 0.1001, 0.0018, 0.0473, 0.0003, 0.0075, 0.0382]"
10,0.1053,0.5857,0.2151,0.0025,0.0428,0.0003,0.0046,0.0435,0.4042,"[0.1053, 0.5857, 0.2151, 0.0025, 0.0428, 0.0003, 0.0046, 0.0435]"
11,0.1126,0.3796,0.4091,0.0019,0.0481,0.0005,0.0054,0.0428,0.3283,"[0.1126, 0.3796, 0.4091, 0.0019, 0.0481, 0.0005, 0.0054, 0.0428]"
12,0.2645,0.5154,0.1452,0.002,0.0292,0.0005,0.0064,0.0368,0.3589,"[0.2645, 0.5154, 0.1452, 0.002, 0.0292, 0.0005, 0.0064, 0.0368]"
13,0.1049,0.5006,0.306,0.0019,0.0444,0.0006,0.0052,0.0364,0.3586,"[0.1049, 0.5006, 0.306, 0.0019, 0.0444, 0.0006, 0.0052, 0.0364]"
15,0.0955,0.216,0.015,0.0016,0.3653,0.1024,0.0036,0.2006,0.2402,"[0.0955, 0.216, 0.015, 0.0016, 0.3653, 0.1024, 0.0036, 0.2006]"
16,0.1302,0.7887,0.008,0.0103,0.0142,0.0018,0.0045,0.0423,0.6412,"[0.1302, 0.7887, 0.008, 0.0103, 0.0142, 0.0018, 0.0045, 0.0423]"
17,0.1824,0.5832,0.1386,0.0013,0.0583,0.0002,0.0035,0.0324,0.3971,"[0.1824, 0.5832, 0.1386, 0.0013, 0.0583, 0.0002, 0.0035, 0.0324]"
18,0.0817,0.7547,0.0939,0.0019,0.0246,0.0004,0.0037,0.0391,0.5872,"[0.0817, 0.7547, 0.0939, 0.0019, 0.0246, 0.0004, 0.0037, 0.0391]"
19,0.0677,0.8269,0.0405,0.0028,0.0235,0.0018,0.0027,0.0341,0.6917,"[0.0677, 0.8269, 0.0405, 0.0028, 0.0235, 0.0018, 0.0027, 0.0341]"
20,0.1302,0.7225,0.0556,0.0075,0.029,0.0011,0.0034,0.0507,0.5455,"[0.1302, 0.7225, 0.0556, 0.0075, 0.029, 0.0011, 0.0034, 0.0507]"
21,0.0461,0.8133,0.0794,0.0018,0.0164,0.0008,0.0033,0.0389,0.6717,"[0.0461, 0.8133, 0.0794, 0.0018, 0.0164, 0.0008, 0.0033, 0.0389]"
22,0.0692,0.5575,0.3118,0.0056,0.0183,0.0004,0.0036,0.0335,0.4143,"[0.0692, 0.5575, 0.3118, 0.0056, 0.0183, 0.0004, 0.0036, 0.0335]"
23,0.0195,0.9016,0.0184,0.0054,0.0122,0.0003,0.0033,0.0393,0.8153,"[0.0195, 0.9016, 0.0184, 0.0054, 0.0122, 0.0003, 0.0033, 0.0393]"
24,0.1181,0.4717,0.2906,0.002,0.0677,0.0004,0.0057,0.0438,0.3274,"[0.1181, 0.4717, 0.2906, 0.002, 0.0677, 0.0004, 0.0057, 0.0438]"
25,0.1263,0.6755,0.065,0.0013,0.0718,0.0002,0.0131,0.0467,0.484,"[0.1263, 0.6755, 0.065, 0.0013, 0.0718, 0.0002, 0.0131, 0.0467]"
26,0.056,0.724,0.1348,0.0047,0.033,0.0003,0.0037,0.0436,0.5485,"[0.056, 0.724, 0.1348, 0.0047, 0.033, 0.0003, 0.0037, 0.0436]"
27,0.0606,0.763,0.0688,0.01,0.0521,0.0005,0.0037,0.0414,0.5951,"[0.0606, 0.763, 0.0688, 0.01, 0.0521, 0.0005, 0.0037, 0.0414]"
28,0.0355,0.5535,0.3644,0.0047,0.0109,0.0004,0.0024,0.0282,0.4414,"[0.0355, 0.5535, 0.3644, 0.0047, 0.0109, 0.0004, 0.0024, 0.0282]"
29,0.0492,0.7578,0.1126,0.0038,0.0215,0.0015,0.0036,0.05,0.5924,"[0.0492, 0.7578, 0.1126, 0.0038, 0.0215, 0.0015, 0.0036, 0.05]"
30,0.0417,0.8313,0.0047,0.0596,0.0074,0.0008,0.004,0.0505,0.699,"[0.0417, 0.8313, 0.0047, 0.0596, 0.0074, 0.0008, 0.004, 0.0505]"
31,0.1197,0.7569,0.0481,0.0077,0.0267,0.0007,0.0032,0.037,0.5917,"[0.1197, 0.7569, 0.0481, 0.0077, 0.0267, 0.0007, 0.0032, 0.037]"
32,0.2868,0.4593,0.094,0.0075,0.0857,0.0074,0.0055,0.0538,0.3124,"[0.2868, 0.4593, 0.094, 0.0075, 0.0857, 0.0074, 0.0055, 0.0538]"
33,0.0432,0.8716,0.0135,0.0017,0.0258,0.0003,0.0043,0.0396,0.764,"[0.0432, 0.8716, 0.0135, 0.0017, 0.0258, 0.0003, 0.0043, 0.0396]"
34,0.2156,0.5185,0.1242,0.0012,0.1015,0.0002,0.0076,0.0312,0.3421,"[0.2156, 0.5185, 0.1242, 0.0012, 0.1015, 0.0002, 0.0076, 0.0312]"
35,0.4774,0.365,0.0181,0.0891,0.0167,0.0007,0.0049,0.0282,0.3705,"[0.4774, 0.365, 0.0181, 0.0891, 0.0167, 0.0007, 0.0049, 0.0282]"
36,0.1954,0.5247,0.1366,0.0027,0.0949,0.0003,0.0098,0.0357,0.3425,"[0.1954, 0.5247, 0.1366, 0.0027, 0.0949, 0.0003, 0.0098, 0.0357]"
37,0.1072,0.6046,0.2019,0.0097,0.0326,0.0007,0.0044,0.039,0.4205,"[0.1072, 0.6046, 0.2019, 0.0097, 0.0326, 0.0007, 0.0044, 0.039]"
38,0.0429,0.8165,0.0336,0.0479,0.0168,0.0011,0.0024,0.0388,0.6737,"[0.0429, 0.8165, 0.0336, 0.0479, 0.0168, 0.0011, 0.0024, 0.0388]"
39,0.0442,0.7589,0.1235,0.0016,0.0251,0.0004,0.0038,0.0425,0.5956,"[0.0442, 0.7589, 0.1235, 0.0016, 0.0251, 0.0004, 0.0038, 0.0425]"
40,0.1192,0.608,0.0715,0.0788,0.0226,0.0021,0.0034,0.0944,0.4046,"[0.1192, 0.608, 0.0715, 0.0788, 0.0226, 0.0021, 0.0034, 0.0944]"
41,0.1389,0.7165,0.0186,0.0099,0.0453,0.0043,0.0054,0.0611,0.5389,"[0.1389, 0.7165, 0.0186, 0.0099, 0.0453, 0.0043, 0.0054, 0.0611]"
42,0.0807,0.7347,0.1053,0.0012,0.039,0.0002,0.0042,0.0347,0.5601,"[0.0807, 0.7347, 0.1053, 0.0012, 0.039, 0.0002, 0.0042, 0.0347]"
44,0.1659,0.6871,0.0505,0.0032,0.035,0.0003,0.0104,0.0476,0.5058,"[0.1659, 0.6871, 0.0505, 0.0032, 0.035, 0.0003, 0.0104, 0.0476]"
45,0.0689,0.621,0.2479,0.0032,0.0175,0.0006,0.0038,0.037,0.4535,"[0.0689, 0.621, 0.2479, 0.0032, 0.0175, 0.0006, 0.0038, 0.037]"
46,0.0437,0.7958,0.0197,0.0841,0.015,0.0006,0.0023,0.0388,0.6444,"[0.0437, 0.7958, 0.0197, 0.0841, 0.015, 0.0006, 0.0023, 0.0388]"
47,0.0693,0.7091,0.1568,0.0022,0.0194,0.0005,0.0035,0.0391,0.5341,"[0.0693, 0.7091, 0.1568, 0.0022, 0.0194, 0.0005, 0.0035, 0.0391]"
48,0.3926,0.3975,0.1182,0.0029,0.0536,0.001,0.0039,0.0304,0.3299,"[0.3926, 0.3975, 0.1182, 0.0029, 0.0536, 0.001, 0.0039, 0.0304]"
49,0.1507,0.7536,0.0114,0.0088,0.024,0.011,0.0038,0.0368,0.5929,"[0.1507, 0.7536, 0.0114, 0.0088, 0.024, 0.011, 0.0038, 0.0368]"
50,0.0241,0.8913,0.0134,0.0031,0.0178,0.0003,0.004,0.0459,0.7976,"[0.0241, 0.8913, 0.0134, 0.0031, 0.0178, 0.0003, 0.004, 0.0459]"
51,0.1053,0.586,0.1828,0.0022,0.0707,0.0007,0.0053,0.0469,0.3951,"[0.1053, 0.586, 0.1828, 0.0022, 0.0707, 0.0007, 0.0053, 0.0469]"
53,0.1375,0.6384,0.0384,0.0118,0.0938,0.0081,0.0056,0.0663,0.4414,"[0.1375, 0.6384, 0.0384, 0.0118, 0.0938, 0.0081, 0.0056, 0.0663]"
54,0.0194,0.8914,0.0361,0.0018,0.0083,0.0002,0.0026,0.0402,0.798,"[0.0194, 0.8914, 0.0361, 0.0018, 0.0083, 0.0002, 0.0026, 0.0402]"
55,0.0759,0.7863,0.0622,0.0082,0.0296,0.0003,0.003,0.0346,0.63,"[0.0759, 0.7863, 0.0622, 0.0082, 0.0296, 0.0003, 0.003, 0.0346]"
56,0.1024,0.8142,0.0082,0.0204,0.0087,0.0008,0.0042,0.041,0.6757,"[0.1024, 0.8142, 0.0082, 0.0204, 0.0087, 0.0008, 0.0042, 0.041]"
72,0.9888,0.0075,0.0013,0.0001,0.0008,0.0,0.0008,0.0007,0.9778,"[0.9888, 0.0075, 0.0013, 0.0001, 0.0008, 0.0, 0.0008, 0.0007]"
